{"stats":{"minecraft:used":{"minecraft:oak_leaves":30,"minecraft:dirt":17,"minecraft:villager_spawn_egg":2,"minecraft:grass_block":9,"minecraft:zombie_spawn_egg":50},"minecraft:mined":{"minecraft:short_grass":1,"minecraft:grass_block":1,"minecraft:dirt":3,"minecraft:birch_leaves":1},"minecraft:picked_up":{"minecraft:wheat_seeds":1,"minecraft:dirt":17},"minecraft:custom":{"minecraft:time_since_rest":6041,"minecraft:crouch_one_cm":98,"minecraft:play_time":7286,"minecraft:sprint_one_cm":2079,"minecraft:walk_one_cm":2933,"minecraft:damage_taken":290,"minecraft:deaths":1,"minecraft:sneak_time":115,"minecraft:jump":34,"minecraft:time_since_death":6011,"minecraft:total_world_time":7286,"minecraft:fall_one_cm":1694,"minecraft:fly_one_cm":126494},"minecraft:killed_by":{"minecraft:creeper":1}},"DataVersion":3953}