{"stats":{"minecraft:used":{"minecraft:trident":47,"minecraft:oak_leaves":30,"minecraft:dirt":69,"minecraft:cobblestone":3,"minecraft:villager_spawn_egg":2,"minecraft:ender_dragon_spawn_egg":2,"minecraft:grass_block":10,"minecraft:zombie_spawn_egg":50},"minecraft:mined":{"minecraft:large_fern":2,"minecraft:short_grass":1,"minecraft:grass_block":1,"minecraft:dirt":8,"minecraft:fire":2,"minecraft:birch_leaves":1},"minecraft:picked_up":{"minecraft:creeper_head":2,"minecraft:rotten_flesh":1,"minecraft:wheat_seeds":2,"minecraft:spruce_sapling":1,"minecraft:gunpowder":2,"minecraft:dirt":119,"minecraft:cobblestone":17,"minecraft:stick":1},"minecraft:dropped":{"minecraft:dirt":16,"minecraft:rotten_flesh":1},"minecraft:custom":{"minecraft:time_since_rest":18041,"minecraft:crouch_one_cm":111,"minecraft:play_time":19286,"minecraft:sprint_one_cm":6985,"minecraft:walk_one_cm":30325,"minecraft:damage_taken":290,"minecraft:deaths":1,"minecraft:sneak_time":224,"minecraft:mob_kills":7,"minecraft:drop":2,"minecraft:jump":113,"minecraft:damage_dealt":313,"minecraft:time_since_death":18011,"minecraft:damage_resisted":3005,"minecraft:total_world_time":19286,"minecraft:fall_one_cm":8132,"minecraft:fly_one_cm":373679},"minecraft:killed_by":{"minecraft:creeper":1},"minecraft:killed":{"minecraft:zombie":1,"minecraft:creeper":2}},"DataVersion":3953}