{
  "minecraft:recipes/decorations/crafting_table": {
    "criteria": {
      "unlock_right_away": "2024-07-13 03:53:27 +0000"
    },
    "done": true
  },
  "minecraft:adventure/root": {
    "criteria": {
      "killed_by_something": "2024-07-13 03:54:29 +0000"
    },
    "done": true
  },
  "minecraft:adventure/adventuring_time": {
    "criteria": {
      "minecraft:forest": "2024-07-13 03:55:36 +0000",
      "minecraft:taiga": "2024-07-13 03:55:29 +0000",
      "minecraft:birch_forest": "2024-07-13 03:53:28 +0000"
    },
    "done": false
  },
  "DataVersion": 3953
}